                  epoch,         train/box_loss,         train/cls_loss,         train/dfl_loss,   metrics/precision(B),      metrics/recall(B),       metrics/mAP50(B),    metrics/mAP50-95(B),           val/box_loss,           val/cls_loss,           val/dfl_loss,                 lr/pg0,                 lr/pg1,                 lr/pg2
                      1,                 2.9468,                 3.6874,                 3.9183,                0.13198,                0.19302,                0.07689,                0.02188,                 2.5705,                 3.5581,                 3.6964,             0.00055236,             0.00055236,             0.00055236
                      2,                 2.3307,                 2.7424,                 2.9936,                0.37855,                0.59354,                0.47804,                0.17495,                 1.9686,                 2.3916,                 2.8308,             0.00088864,             0.00088864,             0.00088864
                      3,                 1.8901,                 2.0911,                 2.5231,                 0.7294,                0.76179,                0.78131,                0.38543,                 1.6707,                 1.6952,                  2.416,              0.0010049,              0.0010049,              0.0010049
                      4,                 1.6997,                  1.724,                 2.2851,                 0.8283,                0.85054,                0.89306,                0.51705,                  1.492,                 1.2419,                 2.1542,              0.0006768,              0.0006768,              0.0006768
                      5,                 1.5408,                 1.4634,                 2.1141,                0.91428,                 0.8865,                 0.9509,                0.58615,                 1.3566,                 1.0591,                  1.992,             0.00034674,             0.00034674,             0.00034674
